Title,Takeaway,Authors,Year,Citations,Abstract,Study Type,Journal,Journal SJR Quartile,DOI,Consensus Link
"Object Detection in Aerial Images: A Large-Scale Benchmark and Challenges","The DOTA dataset, extensive baselines, and challenges can facilitate the development of robust algorithms and reproducible research for object detection in aerial images.","Jian Ding, Nan Xue, Guisong Xia, X. Bai, Wen Yang, M. Y. Yang, Serge J. Belongie, Jiebo Luo, M. Datcu, M. Pelillo, L. Zhang",2021,619,"In he past decade, object detection has achieved significant progress in natural images but not in aerial images, due to the massive variations in the scale and orientation of objects caused by the bird's-eye view of aerial images. More importantly, the lack of large-scale benchmarks has become a major obstacle to the development of object detection in aerial images (ODAI). In this paper, we present a large-scale Dataset of Object deTection in Aerial images (DOTA) and comprehensive baselines for ODAI. The proposed DOTA dataset contains 1,793,658 object instances of 18 categories of oriented-bounding-box annotations collected from 11,268 aerial images. Based on this large-scale and well-annotated dataset, we build baselines covering 10 state-of-the-art algorithms with over 70 configurations, where the speed and accuracy performances of each model have been evaluated. Furthermore, we provide a code library for ODAI and build a website for evaluating different algorithms. Previous challenges run on DOTA have attracted more than 1300 teams worldwide. We believe that the expanded large-scale DOTA dataset, the extensive baselines, the code library and the challenges can facilitate the designs of robust algorithms and reproducible research on the problem of object detection in aerial images.","","IEEE Transactions on Pattern Analysis and Machine Intelligence","1","10.1109/tpami.2021.3117983","https://consensus.app/papers/object-detection-in-aerial-images-a-largescale-benchmark-ding-xue/34ada3c2cff55f62af6d029ee70909d8/"
"Mask OBB: A Semantic Attention-Based Mask Oriented Bounding Box Representation for Multi-Category Object Detection in Aerial Images","The proposed method improves object detection in aerial images by utilizing oriented bounding boxes and semantic attention networks, outperforming state-of-the-art methods on DOTA and HRSC2016 datasets.","Jinwang Wang, Jian Ding, Haowen Guo, Wensheng Cheng, Ting Pan, Wen Yang",2019,173,"Object detection in aerial images is a fundamental yet challenging task in remote sensing field. As most objects in aerial images are in arbitrary orientations, oriented bounding boxes (OBBs) have a great superiority compared with traditional horizontal bounding boxes (HBBs). However, the regression-based OBB detection methods always suffer from ambiguity in the definition of learning targets, which will decrease the detection accuracy. In this paper, we provide a comprehensive analysis of OBB representations and cast the OBB regression as a pixel-level classification problem, which can largely eliminate the ambiguity. The predicted masks are subsequently used to generate OBBs. To handle huge scale changes of objects in aerial images, an Inception Lateral Connection Network (ILCN) is utilized to enhance the Feature Pyramid Network (FPN). Furthermore, a Semantic Attention Network (SAN) is adopted to provide the semantic feature, which can help distinguish the object of interest from the cluttered background effectively. Empirical studies show that the entire method is simple yet efficient. Experimental results on two widely used datasets, i.e., DOTA and HRSC2016, demonstrate that the proposed method outperforms state-of-the-art methods.","","Remote. Sens.","1","10.3390/rs11242930","https://consensus.app/papers/mask-obb-a-semantic-attentionbased-mask-oriented-bounding-wang-ding/5841023da18557c39190f9c23f24b9f8/"
"Orientation-Aware Vehicle Detection in Aerial Images via an Anchor-Free Object Detection Approach","Our one-stage, anchor-free detection approach effectively detects arbitrarily oriented vehicles in high-resolution aerial images, improving performance in dense vehicle scenes or clutter backgrounds.","Fu Shi, T. Zhang, T. Zhang",2020,72,"Vehicle detection in aerial images is an important and challenging task in the field of remote sensing. Recently, deep learning technologies have yielded superior performance for object detection in remote sensing images. However, the detection results of the existing methods are horizontal bounding boxes that ignore vehicle orientations, thereby having limited applicability in scenes with dense vehicles or clutter backgrounds. In this article, we propose a one-stage, anchor-free detection approach to detect arbitrarily oriented vehicles in high-resolution aerial images. The vehicle detection task is transformed into a multitask learning problem by directly predicting high-level vehicle features via a fully convolutional network. That is, a classification subtask is created to look for vehicle central points and three regression subtasks are created to predict vehicle orientations, scales, and offsets of vehicle central points. First, coarse and fine feature maps outputted from different stages of a residual network are concatenated together by a feature pyramid fusion strategy. Upon the concatenated features, four convolutional layers are attached in parallel to predict high-level vehicle features. During training, task uncertainty learned from the training data is used to weight loss function in the multitask learning setting. For inferencing, oriented bounding boxes are generated using the predicted vehicle features, and oriented nonmaximum suppression (NMS) postprocessing is used to reduce redundant results. Experiments on two public aerial image data sets have shown the effectiveness of the proposed approach.","","IEEE Transactions on Geoscience and Remote Sensing","1","10.1109/tgrs.2020.3011418","https://consensus.app/papers/orientationaware-vehicle-detection-in-aerial-images-via-shi-zhang/3b491501561a54879397be4f8e318501/"
"Oriented object detection in optical remote sensing images using deep learning: a survey","Recent advancements in deep learning have significantly enhanced oriented object detection in remote sensing, addressing challenges and identifying future research directions.","Kunlin Wang, Zi Wang, Zhang Li, Ang Su, Xichao Teng, Minhao Liu, Qifeng Yu",2023,48,"Oriented object detection is a fundamental yet challenging task in remote sensing (RS), aiming to locate and classify objects with arbitrary orientations. Recent advancements in deep learning have significantly enhanced the capabilities of oriented object detection methods. Given the rapid development of this field, a comprehensive survey of the recent advances in oriented object detection is presented in this paper. Specifically, we begin by tracing the technical evolution from horizontal object detection to oriented object detection and highlighting the specific related challenges, including feature misalignment, spatial misalignment, oriented bounding box (OBB) regression problems, and common issues encountered in RS. Subsequently, we further categorize the existing methods into detection frameworks, OBB regression techniques, feature representation approaches, and solutions to common issues and provide an in-depth discussion of how these methods address the above challenges. In addition, we cover several publicly available datasets and evaluation protocols. Furthermore, we provide a comprehensive comparison and analysis involving the state-of-the-art methods. Toward the end of this paper, we identify several future directions for oriented object detection research.","literature review","Artificial Intelligence Review","1","10.1007/s10462-025-11256-0","https://consensus.app/papers/oriented-object-detection-in-optical-remote-sensing-wang-wang/971e2f1f7ee356d081d1efab3aa904d6/"
"Improved Faster RCNN Based on Feature Amplification and Oversampling Data Augmentation for Oriented Vehicle Detection in Aerial Images","The proposed oriented vehicle detection framework improves Faster RCNN in aerial images by incorporating oversampling, stitching data augmentation, and enhancing feature amplification, leading to a mean average precision of 60.4% and 60.1%, respectively.","Nan Mo, Li Yan",2020,44,"Vehicles in aerial images are generally with small sizes and unbalanced number of samples, which leads to the poor performances of the existing vehicle detection algorithms. Therefore, an oriented vehicle detection framework based on improved Faster RCNN is proposed for aerial images. First of all, we propose an oversampling and stitching data augmentation method to decrease the negative effect of category imbalance in the training dataset and construct a new dataset with balanced number of samples. Then considering that the pooling operation may loss the discriminative ability of features for small objects, we propose to amplify the feature map so that detailed information hidden in the last feature map can be enriched. Finally, we design a joint training loss function including center loss for both horizontal and oriented bounding boxes, and reduce the impact of small inter-class diversity on vehicle detection. The proposed framework is evaluated on the VEDAI dataset that consists of 9 vehicle categories. The experimental results show that the proposed framework outperforms previous approaches with a mean average precision of 60.4% and 60.1% in detecting horizontal and oriented bounding boxes respectively, which is about 8% better than Faster RCNN.","","Remote. Sens.","1","10.3390/rs12162558","https://consensus.app/papers/improved-faster-rcnn-based-on-feature-amplification-and-mo-yan/8c177d7a79c95f2c8fab7833e6961007/"
"VSAI: A Multi-View Dataset for Vehicle Detection in Complex Scenarios Using Aerial Images","The VSAI dataset demonstrates the complexity of real-world scenarios and poses significant challenges to existing object detection algorithms in remote sensing.","Jinghao Wang, Xichao Teng, Zhang Li, Q. Yu, Yijie Bian, Jiaqi Wei",2022,21,"Arbitrary-oriented vehicle detection via aerial imagery is essential in remote sensing and computer vision, with various applications in traffic management, disaster monitoring, smart cities, etc. In the last decade, we have seen notable progress in object detection in natural imagery; however, such development has been sluggish for airborne imagery, not only due to large-scale variations and various spins/appearances of instances but also due to the scarcity of the high-quality aerial datasets, which could reflect the complexities and challenges of real-world scenarios. To address this and to improve object detection research in remote sensing, we collected high-resolution images using different drone platforms spanning a large geographic area and introduced a multi-view dataset for vehicle detection in complex scenarios using aerial images (VSAI), featuring arbitrary-oriented views in aerial imagery, consisting of different types of complex real-world scenes. The imagery in our dataset was captured with a wide variety of camera angles, flight heights, times, weather conditions, and illuminations. VSAI contained 49,712 vehicle instances annotated with oriented bounding boxes and arbitrary quadrilateral bounding boxes (47,519 small vehicles and 2193 large vehicles); we also annotated the occlusion rate of the objects to further increase the generalization abilities of object detection networks. We conducted experiments to verify several state-of-the-art algorithms in vehicle detection on VSAI to form a baseline. As per our results, the VSAI dataset largely shows the complexity of the real world and poses significant challenges to existing object detection algorithms. The dataset is publicly available.","","Drones","1","10.3390/drones6070161","https://consensus.app/papers/vsai-a-multiview-dataset-for-vehicle-detection-in-complex-wang-teng/e6e15b51b77a5f7eaa38f9ed283cded1/"
"HIT-UAV: A high-altitude infrared thermal dataset for Unmanned Aerial Vehicle-based object detection","The HIT-UAV dataset is a high-altitude infrared thermal dataset for UAV-based object detection, demonstrating exceptional performance compared to visual light datasets.","Jiashun Suo, Tian-Miao Wang, Xingzhou Zhang, Hai-ming Chen, Wei Zhou, Weisong Shi",2022,216,"We present the HIT-UAV dataset, a high-altitude infrared thermal dataset for object detection applications on Unmanned Aerial Vehicles (UAVs). The dataset comprises 2,898 infrared thermal images extracted from 43,470 frames in hundreds of videos captured by UAVs in various scenarios, such as schools, parking lots, roads, and playgrounds. Moreover, the HIT-UAV provides essential flight data for each image, including flight altitude, camera perspective, date, and daylight intensity. For each image, we have manually annotated object instances with bounding boxes of two types (oriented and standard) to tackle the challenge of significant overlap of object instances in aerial images. To the best of our knowledge, the HIT-UAV is the first publicly available high-altitude UAV-based infrared thermal dataset for detecting persons and vehicles. We have trained and evaluated well-established object detection algorithms on the HIT-UAV. Our results demonstrate that the detection algorithms perform exceptionally well on the HIT-UAV compared to visual light datasets, since infrared thermal images do not contain significant irrelevant information about objects. We believe that the HIT-UAV will contribute to various UAV-based applications and researches. The dataset is freely available at https://pegasus.ac.cn .

© 2023. The Author(s).","","Scientific Data","1","10.1038/s41597-023-02066-6","https://consensus.app/papers/hituav-a-highaltitude-infrared-thermal-dataset-for-suo-wang/331b28fd1181535d9a91d44c090a95c0/"
"UAV Video Vehicle Detection: Benchmark and Baseline","The proposed CRNet method effectively detects and categorizes vehicles in high-altitude UAV videos, outperforming existing methods and overcoming obstruction and overlapping.","Yun Xiao, Jinfa Wang, Zhicheng Zhao, Bo Jiang, Chenglong Li, Jin Tang",2025,11,"With the increasing application of unmanned aerial vehicles (UAVs) in intelligent transportation systems, vehicle object detection in UAV videos has received increasing attention. Precise categorization and detection for vehicles in UAVs is important in many practical applications. However, existing object detection methods, tailored for natural images, often fall short of accurately identifying vehicle objects. Additionally, high-altitude UAV imaging mainly employs horizontal bounding box annotation, frequently leading to significant obstruction and overlapping. Hence, we propose a new task called UAV video vehicle detection (VVD) to achieve precise detection and categorization of vehicles in high-altitude UAV imaging environments. To facilitate the research and development of UAV VVD, we construct the first large-scale well-annotated benchmark UAV VVD dataset, which includes 70 UAV videos captured at a 500-m altitude, with 361489 vehicle instances annotated by the oriented bounding boxes and vehicle categories. Moreover, we introduce a novel category refinement network (CRNet) approach that extracts and refines vehicle object features from the bounding box of the detection results to classify vehicle categories. This approach effectively eliminates the interference of the background and other vehicle objects in candidate boxes. Notably, the vehicle object features are projected into subspace, enabling the category refinement module (CRM) to focus more on the distinctive characteristics of the vehicle object itself through normalization operations. We conduct extensive experiments on the proposed VVD dataset. Experimental results demonstrate the superiority and effectiveness of the proposed CRNet method. The relevant code and dataset are available at https://github.com/mmic-lcl.","","IEEE Transactions on Geoscience and Remote Sensing","1","10.1109/tgrs.2025.3534524","https://consensus.app/papers/uav-video-vehicle-detection-benchmark-and-baseline-xiao-wang/aa2140baf2b35d93a776f3f70fe8e791/"
"Arbitrary-Oriented Vehicle Detection in Aerial Imagery with Single Convolutional Neural Networks","Our single convolutional neural network, Oriented_SSD, accurately detects vehicles in aerial images with high accuracy and fast speed, improving traffic management.","Tianyu Tang, Zhipeng Deng, Lin Lei, H. Zou",2017,123,"Vehicle detection with orientation estimation in aerial images has received widespread interest as it is important for intelligent traffic management. This is a challenging task, not only because of the complex background and relatively small size of the target, but also the various orientations of vehicles in aerial images captured from the top view. The existing methods for oriented vehicle detection need several post-processing steps to generate final detection results with orientation, which are not efficient enough. Moreover, they can only get discrete orientation information for each target. In this paper, we present an end-to-end single convolutional neural network to generate arbitrarily-oriented detection results directly. Our approach, named Oriented_SSD (Single Shot MultiBox Detector, SSD), uses a set of default boxes with various scales on each feature map location to produce detection bounding boxes. Meanwhile, offsets are predicted for each default box to better match the object shape, which contain the angle parameter for oriented bounding boxes’ generation. Evaluation results on the public DLR Vehicle Aerial dataset and Vehicle Detection in Aerial Imagery (VEDAI) dataset demonstrate that our method can detect both the location and orientation of the vehicle with high accuracy and fast speed. For test images in the DLR Vehicle Aerial dataset with a size of 5616 × 3744 , our method achieves 76.1% average precision (AP) and 78.7% correct direction classification at 5.17 s on an NVIDIA GTX-1060.","","Remote. Sens.","1","10.3390/rs9111170","https://consensus.app/papers/arbitraryoriented-vehicle-detection-in-aerial-imagery-tang-deng/190a326519f05f4cbe75d3b46b1b755d/"
"Vehicle Detection in Aerial Images Using a Fast Oriented Region Search and the Vector of Locally Aggregated Descriptors","The proposed vehicle detection method in aerial images effectively overcomes challenges like overhead-view perspective and complex background, outperforming existing methods in various scenarios.","Chongyang Liu, Yalin Ding, Ming Zhu, J. Xiu, Mengyang Li, Qihui Li",2019,9,"Vehicle detection in aerial images plays a significant role in civil and military applications and it faces many challenges including the overhead-view perspective, the highly complex background, and the variants of vehicles. This paper presents a robust vehicle detection scheme to overcome these issues. In the detection stage, we propose a novel algorithm to generate oriented proposals that could enclose the vehicle objects properly as rotated rectangles with orientations. To discriminate the object and background in the proposals, we propose a modified vector of locally aggregated descriptors (VLAD) image representation model with a recently proposed image feature, i.e., local steering kernel (LSK) feature. By applying non-maximum suppression (NMS) after classification, we show that each vehicle object is detected with a single-oriented bounding box. Experiments are conducted on aerial images to compare the proposed method with state-of-art methods and evaluate the impact of the components in the model. The results have proven the robustness of the proposed method under various circumstances and the superior performance over other existing vehicle detection approaches.","","Sensors (Basel, Switzerland)","1","10.3390/s19153294","https://consensus.app/papers/vehicle-detection-in-aerial-images-using-a-fast-oriented-liu-ding/9660e7d4a76558f39297be1df6924392/"
"Fast Multiclass Vehicle Detection on Aerial Images","Our method can detect vehicles in aerial images within seconds, providing orientation and type information for traffic management and urban planning.","Kang Liu, G. Máttyus",2015,321,"Detecting vehicles in aerial images provides important information for traffic management and urban planning. Detecting the cars in the images is challenging due to the relatively small size of the target objects and the complex background in man-made areas. It is particularly challenging if the goal is near-real-time detection, i.e., within few seconds, on large images without any additional information, e.g., road database and accurate target size. We present a method that can detect the vehicles on a 21-MPixel original frame image without accurate scale information within seconds on a laptop single threaded. In addition to the bounding box of the vehicles, we extract also orientation and type (car/truck) information. First, we apply a fast binary detector using integral channel features in a soft-cascade structure. In the next step, we apply a multiclass classifier on the output of the binary detector, which gives the orientation and type of the vehicles. We evaluate our method on a challenging data set of original aerial images over Munich and a data set captured from an unmanned aerial vehicle (UAV).","","IEEE Geoscience and Remote Sensing Letters","1","10.1109/lgrs.2015.2439517","https://consensus.app/papers/fast-multiclass-vehicle-detection-on-aerial-images-liu-mttyus/6dbce1784cbc5b22beff33089c6041b3/"
"FCOSR: A Simple Anchor-free Rotated Detector for Aerial Object Detection","FCOSR is a high-performance, simple, and easy-to-deploy one-stage anchor-free rotated object detector for aerial image detection, achieving high mean average precision on various datasets.","Zhong-hai Li, B. Hou, Zitong Wu, L. Jiao, Bo Ren, Chen Yang",2021,80,"Although existing anchor-based oriented object detection methods have achieved remarkable results, they require manual preset boxes, which introduce additional hyper-parameters and calculations. These methods often use more complex architectures for better performance, which makes them difficult to deploy on computationally constrained embedded platforms, such as satellites and unmanned aerial vehicles. We aim to design a high-performance algorithm that is simple, fast, and easy to deploy for aerial image detection. In this article, we propose a one-stage anchor-free rotated object detector, FCOSR, that can be deployed on most platforms and uses our well-defined label assignment strategy for the features of the aerial image objects. We use the ellipse center sampling method to define a suitable sampling region for an oriented bounding box (OBB). The fuzzy sample assignment strategy provides reasonable labels for overlapping objects. To solve the problem of insufficient sampling, we designed a multi-level sampling module. These strategies allocate more appropriate labels to training samples. Our algorithm achieves an mean average precision (mAP) of 79.25, 75.41, and 90.13 on the DOTA-v1.0, DOTA-v1.5, and HRSC2016 datasets, respectively. FCOSR demonstrates a performance superior to that of other methods in single-scale evaluation, where the small model achieves an mAP of 74.05 at a speed of 23.7 FPS on an RTX 2080-Ti GPU. When we convert the lightweight FCOSR model to the TensorRT format, it achieves an mAP of 73.93 on DOTA-v1.0 at a speed of 17.76 FPS on a Jetson AGX Xavier device with a single scale.","","ArXiv","1","10.3390/rs15235499","https://consensus.app/papers/fcosr-a-simple-anchorfree-rotated-detector-for-aerial-li-hou/79d690f403bd586e9b1055d94d547395/"
"Oriented Vehicle Detection in Aerial Images Based on YOLOv4","The YOLOv4 architecture-based oriented object detector significantly improves detection speed and accuracy in aerial images, outperforming other methods by more than 25%.","Tai-Hung Lin, Chih-Wen Su",2022,7,"CNN-based object detectors have achieved great success in recent years. The available detectors adopted horizontal bounding boxes to locate various objects. However, in some unique scenarios, objects such as buildings and vehicles in aerial images may be densely arranged and have apparent orientations. Therefore, some approaches extend the horizontal bounding box to the oriented bounding box to better extract objects, usually carried out by directly regressing the angle or corners. However, this suffers from the discontinuous boundary problem caused by angular periodicity or corner order. In this paper, we propose a simple but efficient oriented object detector based on YOLOv4 architecture. We regress the offset of an object's front point instead of its angle or corners to avoid the above mentioned problems. In addition, we introduce the intersection over union (IoU) correction factor to make the training process more stable. The experimental results on two public datasets, DOTA and HRSC2016, demonstrate that the proposed method significantly outperforms other methods in terms of detection speed while maintaining high accuracy. In DOTA, our proposed method achieved the highest mAP for the classes with prominent front-side appearances, such as small vehicles, large vehicles, and ships. The highly efficient architecture of YOLOv4 increases more than 25% detection speed compared to the other approaches.","","Sensors (Basel, Switzerland)","1","10.3390/s22218394","https://consensus.app/papers/oriented-vehicle-detection-in-aerial-images-based-on-lin-su/5c0b8983bfb65f35878e26aba07c87c9/"
"Learning Point-Guided Localization for Detection in Remote Sensing Images","The Object-wise Point-guided Localization Detector (OPLD) improves object detection in remote sensing images by transforming regression to keypoint estimation, achieving state-of-the-art performance on DOTA and HRSC2016 datasets.","Q. Song, Fan Yang, Lu Yang, Chun Liu, Mengjie Hu, Lurui Xia",2021,51,"Object detection in remote sensing images is challenging due to the dense distribution and arbitrary angle of the objects. It is a consensus that the oriented bounding box (OBB) is more suitable to represent the aerial objects. However, there are some extreme cases in regression-based OBB detection that make the regression target discontinuous, resulting in the poor performance. In this article, an analysis of the formats of OBB and the problems in its regression is presented, following with an exploration of transform localization from regression to keypoint estimation, which could be applied to avoid the problem of discontinuous regression target. Our novel method is called Object-wise Point-guided Localization Detector (OPLD). Continuously, a new prediction of center-point is introduced to refine the results, as the truncation problem caused by the cut graph. Lastly, in order to figure the problem of inconsistency between the localization quality and the classification score, both the endpoint scores and the classification score are adopted weighting as a result score. Experimental results are based on two widely used datasets, i.e., DOTA and HRSC2016. OPLD achieve 76.43% mAP and 78.35% mAP in OBB and horizontal bounding boxes tasks of DOTA-v1.0, which achieves state-of-the-art performance, respectively. Project page at https://github.com/yf19970118/OPLD-Pytorch.","","IEEE Journal of Selected Topics in Applied Earth Observations and Remote Sensing","1","10.1109/jstars.2020.3036685","https://consensus.app/papers/learning-pointguided-localization-for-detection-in-song-yang/54eb23e64ede5564bcec60abbbc512e7/"
"Towards Accurate Oriented Object Detection in Aerial Images with Adaptive Multi-level Feature Fusion","The AFF-Det two-stage network-based detector with adaptive feature fusion achieves highly accurate oriented object detection in aerial images, outperforming recent state-of-the-art methods on DOTA and HRSC2016 datasets.","Peining Zhen, Shuqi Wang, Suming Zhang, Xiaotao Yan, Wei Wang, Zhigang Ji, Hai-Bao Chen",2022,31,"Detecting objects in aerial images is a long-standing and challenging problem since the objects in aerial images vary dramatically in size and orientation. Most existing neural network based methods are not robust enough to provide accurate oriented object detection results in aerial images since they do not consider the correlations between different levels and scales of features. In this paper, we propose a novel two-stage network-based detector with adaptive feature fusion towards highly accurate oriented object detection in aerial images, named AFF-Det. First, a multi-scale feature fusion module (MSFF) is built on the top layer of the extracted feature pyramids to mitigate the semantic information loss in the small-scale features. We also propose a cascaded oriented bounding box regression method to transform the horizontal proposals into oriented ones. Then the transformed proposals are assigned to all feature pyramid network (FPN) levels and aggregated by the weighted RoI feature aggregation (WRFA) module. The above modules can adaptively enhance the feature representations in different stages of the network based on the attention mechanism. Finally, a rotated decoupled-RCNN head is introduced to obtain the classification and localization results. Extensive experiments are conducted on the DOTA and HRSC2016 datasets to demonstrate the advantages of our proposed AFF-Det. The best detection results can achieve 80.73% mAP and 90.48% mAP, respectively, on these two datasets, outperforming recent state-of-the-art methods.","","ACM Transactions on Multimedia Computing, Communications and Applications","1","10.1145/3513133","https://consensus.app/papers/towards-accurate-oriented-object-detection-in-aerial-zhen-wang/8a31a4256257565e806cf3a029cc7e4f/"
"Multi-Scale Feature Integrated Attention-Based Rotation Network for Object Detection in VHR Aerial Images","The Multi-scale Feature Integration Attention Rotation Network (MFIAR-Net) effectively detects multi-class objects in very high resolution aerial images, improving object detection accuracy and robustness.","Feng Yang, Wentong Li, Haiwei Hu, Wanyi Li, Peng Wang",2020,40,"Accurate and robust detection of multi-class objects in very high resolution (VHR) aerial images has been playing a significant role in many real-world applications. The traditional detection methods have made remarkable progresses with horizontal bounding boxes (HBBs) due to CNNs. However, HBB detection methods still exhibit limitations including the missed detection and the redundant detection regions, especially for densely-distributed and strip-like objects. Besides, large scale variations and diverse background also bring in many challenges. Aiming to address these problems, an effective region-based object detection framework named Multi-scale Feature Integration Attention Rotation Network (MFIAR-Net) is proposed for aerial images with oriented bounding boxes (OBBs), which promotes the integration of the inherent multi-scale pyramid features to generate a discriminative feature map. Meanwhile, the double-path feature attention network supervised by the mask information of ground truth is introduced to guide the network to focus on object regions and suppress the irrelevant noise. To boost the rotation regression and classification performance, we present a robust Rotation Detection Network, which can generate efficient OBB representation. Extensive experiments and comprehensive evaluations on two publicly available datasets demonstrate the effectiveness of the proposed framework.","","Sensors (Basel, Switzerland)","1","10.3390/s20061686","https://consensus.app/papers/multiscale-feature-integrated-attentionbased-rotation-yang-li/8057442ec82b57a6a1d2bac96dc958a7/"
"Oriented Bounding Boxes for Small and Freely Rotated Objects","The proposed convolutional neural network-based approach accurately detects freely rotated objects of arbitrary sizes and improves performance over existing methods.","Mohsen Zand, Ali Etemad, M. Greenspan",2021,71,"A novel object detection method is presented that handles freely rotated objects of arbitrary sizes, including tiny objects as small as $2 \times 2$ pixels. Such tiny objects appear frequently in remotely sensed images, and present a challenge to recent object detection algorithms. More importantly, current object detection methods have been designed originally to accommodate axis-aligned bounding box detection, and therefore fail to accurately localize oriented boxes that best describe freely rotated objects. In contrast, the proposed convolutional neural network (CNN) -based approach uses potential pixel information at multiple scale levels without the need for any external resources, such as anchor boxes. The method encodes the precise location and orientation of features of the target objects at grid cell locations. Unlike existing methods that regress the bounding box location and dimension, the proposed method learns all the required information by classification, which has the added benefit of enabling oriented bounding box detection without any extra computation. It thus infers the bounding boxes only at inference time by finding the minimum surrounding box for every set of the same predicted class labels. Moreover, a rotation-invariant feature representation is applied to each scale, which imposes a regularization constraint to enforce covering the 360° range of in-plane rotation of the training samples to share similar features. Evaluations on the xView and dataset for object detection in aerial images (DOTA) data sets show that the proposed method uniformly improves performance over existing state-of-the-art methods.","","IEEE Transactions on Geoscience and Remote Sensing","1","10.1109/tgrs.2021.3076050","https://consensus.app/papers/oriented-bounding-boxes-for-small-and-freely-rotated-zand-etemad/a0fb24a995735e319376496bbe4d6d30/"
"Bounding Box Projection for Regression Uncertainty in Oriented Object Detection","ProjBB, a projection-based method, effectively detects oriented objects in aerial images without periodicity, aspect ratio sensitivity, or regression uncertainty.","Qian Wu, Wang Xiang, Rui Tang, Jun Zhu",2021,13,"Oriented object detection has recently attracted increasing attention for its importance in aerial image processing. Popular detection methods for oriented and densely packed objects usually utilize the rotation angle to reduce the overlap of bounding boxes over the horizontal line. However, those angle-based methods remain challenging due to the angular periodicity and regression inconsistent, which are uniformly summarized as regression uncertainty. Previous methods usually heal the regression uncertainty problem by adding complex limits on the loss function. In this paper, instead of expressing accurate oriented information by the rotation angle, we propose a novel projection-based method that employs six-parameter to describe rotated bounding box: two points position on the projected line(one center point and one chosen vertex), a projection ratio and a quadrant label, named as ProjBB. ProjBB is angle-free and has three main advantages: i) More accurate angle distance without periodicity; ii) Projection ratio which is aspect ratio sensitive; iii) Theoretical uniqueness guarantee. Extensive experiments on two large-scale public aerial image datasets(i.e. DOTA and HRSC2016) and the scene text dataset ICDAR2015 show the competitive results of our proposed approach.","","IEEE Access","1","10.1109/access.2021.3072402","https://consensus.app/papers/bounding-box-projection-for-regression-uncertainty-in-wu-xiang/7e9dce4e60885f89a311cdb0af9d7072/"
"Capturing the true bounding boxes: vehicle kinematic data extraction using unmanned aerial vehicles","This paper presents a method for extracting kinematic variables of road vehicles from unmanned aerial vehicle footage, providing smoother data and more information for traffic prediction and connected automated vehicle control.","Tian Mi, D. Takács, Henry X. Liu, Gábor Orosz",2024,12,"Abstract This paper presents a methodology by which kinematic variables of road vehicles can be extracted from unmanned aerial vehicle (UAV) footage. The oriented bounding boxes of the vehicles are identified based on the aerial view of the intersection, and the kinematic variables, such as position, longitudinal velocity, lateral velocity, yaw angle and yaw rate, are determined. The bounding boxes are converted to the perspective of a roadside camera using homography, to generate labeled data sets for training the machine learning-based perception systems of smart intersections. Compared to ordinary GPS data-based technology, the proposed method provides smoother data and more information about the dynamics of the vehicles. In the meantime, it does not require any additional instrumentation on the vehicles. The extracted kinematic variables can be used for motion prediction of road traffic participants and for control of connected automated vehicles (CAVs) in intelligent transportation systems.","","Journal of Intelligent Transportation Systems","1","10.1080/15472450.2024.2341395","https://consensus.app/papers/capturing-the-true-bounding-boxes-vehicle-kinematic-data-mi-takcs/ffb43d1b39b454ef81e5f3584ea0b6d4/"
"Accurate road user localization in aerial images captured by unmanned aerial vehicles","This paper presents a deep-learning-based method for accurate road user localization in aerial images, improving the credibility of unmanned aerial vehicles in traffic applications.","Linjun Lu, Fei Dai",2024,18,"","","Automation in Construction","1","10.1016/j.autcon.2023.105257","https://consensus.app/papers/accurate-road-user-localization-in-aerial-images-captured-lu-dai/1139b9095b5351adaedff61f2a432ac2/"
"An Anchor-Free and Angle-Free Detector for Oriented Object Detection Using Bounding Box Projection","The AF2Det anchor-free and angle-free detector effectively detects oriented objects in remote sensing images, outperforming other anchor-free algorithms and achieving competitive results.","Donghang Yu, Haitao Guo, Chuan Zhao, Xiang-Ming Liu, Qing Xu, Yuzhun Lin, Lei Ding",2023,19,"The detection and recognition of oriented objects in remote sensing images is a challenging task due to their complex backgrounds, various sizes, diverse aspect ratios, and especially arbitrary orientations. Many oriented object detection algorithms need to obtain accurate angles or adopt anchors to predict the oriented bounding boxes (OBBs). When directly predicting the angles of objects’ OBBs, the loss of angle is discontinuous during training, which makes it difficult to obtain accurate boundary of oriented objects. And the anchors also aggravate the problems of class imbalance and computational cost. To address the above problems, this article proposes an anchor-free and angle-free detector called AF2Det. AF2Det adopts the information of the bounding box projection (BBP) instead of the angle to represent and reconstruct the object’s OBBs, which could avoid the problem of boundary discontinuity. To predict the information of the BBP, an anchor-free architecture is built to predict objects as points based on a simple but strong U-shaped architecture. And the deformable convolution (DConv) and the bottom-up feature fusion (FF) method are integrated effectively to enhance AF2Det’s capacity for objects’ shapes, orientations, and scales. The extensive experiments are conducted on multiple datasets, i.e., HRSC2016, FGSD2021, DOTA, and RSDD-SAR to validate the effectiveness of our method. The experimental results demonstrate that the proposed AF2Det outperforms other anchor-free algorithms and obtains competitive results on oriented object detection.","","IEEE Transactions on Geoscience and Remote Sensing","1","10.1109/tgrs.2023.3305729","https://consensus.app/papers/an-anchorfree-and-anglefree-detector-for-oriented-object-yu-guo/fa6e67facb275f418af9a649726b8fe2/"
"Gliding Vertex on the Horizontal Bounding Box for Multi-Oriented Object Detection","The proposed method effectively detects multi-oriented objects in aerial images, scene texts, and fisheye images, outperforming existing methods.","Yongchao Xu, Mingtao Fu, Qimeng Wang, Yukang Wang, Kai Chen, Guisong Xia, X. Bai",2019,890,"Object detection has recently experienced substantial progress. Yet, the widely adopted horizontal bounding box representation is not appropriate for ubiquitous oriented objects such as objects in aerial images and scene texts. In this paper, we propose a simple yet effective framework to detect multi-oriented objects. Instead of directly regressing the four vertices, we glide the vertex of the horizontal bounding box on each corresponding side to accurately describe a multi-oriented object. Specifically, We regress four length ratios characterizing the relative gliding offset on each corresponding side. This may facilitate the offset learning and avoid the confusion issue of sequential label points for oriented objects. To further remedy the confusion issue for nearly horizontal objects, we also introduce an obliquity factor based on area ratio between the object and its horizontal bounding box, guiding the selection of horizontal or oriented detection for each object. We add these five extra target variables to the regression head of faster R-CNN, which requires ignorable extra computation time. Extensive experimental results demonstrate that without bells and whistles, the proposed method achieves superior performances on multiple multi-oriented object detection benchmarks including object detection in aerial images, scene text detection, pedestrian detection in fisheye images.","","IEEE Transactions on Pattern Analysis and Machine Intelligence","1","10.1109/tpami.2020.2974745","https://consensus.app/papers/gliding-vertex-on-the-horizontal-bounding-box-for-xu-fu/7b00e909685151a0ae808fdd09ff5512/"
"SAFDet: A Semi-Anchor-Free Detector for Effective Detection of Oriented Objects in Aerial Images","The semi-anchor-free detector (SAFDet) effectively detects oriented objects in aerial images, balancing accuracy and computational cost, with a rotation-anchor-free-branch and center-prediction-module.","Zhenyu Fang, Jinchang Ren, He Sun, S. Marshall, Junwei Han, Huimin Zhao",2020,10,"An oriented bounding box (OBB) is preferable over a horizontal bounding box (HBB) in accurate object detection. Most of existing works utilize a two-stage detector for locating the HBB and OBB, respectively, which have suffered from the misaligned horizontal proposals and the interference from complex backgrounds. To tackle these issues, region of interest transformer and attention models were proposed, yet they are extremely computationally intensive. To this end, we propose a semi-anchor-free detector (SAFDet) for object detection in aerial images, where a rotation-anchor-free-branch (RAFB) is used to enhance the foreground features via precisely regressing the OBB. Meanwhile, a center-prediction-module (CPM) is introduced for enhancing object localization and suppressing the background noise. Both RAFB and CPM are deployed during training, avoiding increased computational cost of inference. By evaluating on DOTA and HRSC2016 datasets, the efficacy of our approach has been fully validated for a good balance between the accuracy and computational cost.","","Remote. Sens.","1","10.3390/rs12193225","https://consensus.app/papers/safdet-a-semianchorfree-detector-for-effective-detection-fang-ren/fecea41466d8518ab4c30a8905807db7/"
"Align Deep Features for Oriented Object Detection","The S2A-Net, consisting of a feature alignment module and an oriented detection module, improves object detection in aerial images by aligning convolutional features and addressing misalignment issues.","Jiaming Han, Jian Ding, Jie Li, Guisong Xia",2020,1085,"The past decade has witnessed significant progress on detecting objects in aerial images that are often distributed with large-scale variations and arbitrary orientations. However, most of existing methods rely on heuristically defined anchors with different scales, angles, and aspect ratios, and usually suffer from severe misalignment between anchor boxes (ABs) and axis-aligned convolutional features, which lead to the common inconsistency between the classification score and localization accuracy. To address this issue, we propose a single-shot alignment network (S2A-Net) consisting of two modules: a feature alignment module (FAM) and an oriented detection module (ODM). The FAM can generate high-quality anchors with an anchor refinement network and adaptively align the convolutional features according to the ABs with a novel alignment convolution. The ODM first adopts active rotating filters to encode the orientation information and then produces orientation-sensitive and orientation-invariant features to alleviate the inconsistency between classification score and localization accuracy. Besides, we further explore the approach to detect objects in large-size images, which leads to a better trade-off between speed and accuracy. Extensive experiments demonstrate that our method can achieve the state-of-the-art performance on two commonly used aerial objects’ data sets (i.e., DOTA and HRSC2016) while keeping high efficiency.","","IEEE Transactions on Geoscience and Remote Sensing","1","10.1109/tgrs.2021.3062048","https://consensus.app/papers/align-deep-features-for-oriented-object-detection-han-ding/712c88a6e5135618a18102738f983678/"
"Task-Wise Sampling Convolutions for Arbitrary-Oriented Object Detection in Aerial Images","Task-wise sampling convolutions (TS-Conv) improves arbitrary-oriented object detection in aerial images by adaptively sampling features and assigning labels dynamically based on task-aware scores.","Zhanchao Huang, Wei Li, X. Xia, Hao Wang, Ran Tao",2022,21,"Arbitrary-oriented object detection (AOOD) has been widely applied to locate and classify objects with diverse orientations in remote sensing images. However, the inconsistent features for the localization and classification tasks in AOOD models may lead to ambiguity and low-quality object predictions, which constrains the detection performance. In this article, an AOOD method called task-wise sampling convolutions (TS-Conv) is proposed. TS-Conv adaptively samples task-wise features from respective sensitive regions and maps these features together in alignment to guide a dynamic label assignment for better predictions. Specifically, sampling positions of the localization convolution in TS-Conv are supervised by the oriented bounding box (OBB) prediction associated with spatial coordinates, while sampling positions and convolutional kernel of the classification convolution are designed to be adaptively adjusted according to different orientations for improving the orientation robustness of features. Furthermore, a dynamic task-consistent-aware label assignment (DTLA) strategy is developed to select optimal candidate positions and assign labels dynamically according to ranked task-aware scores obtained from TS-Conv. Extensive experiments on several public datasets covering multiple scenes, multimodal images, and multiple categories of objects demonstrate the effectiveness, scalability, and superior performance of the proposed TS-Conv.","","IEEE Transactions on Neural Networks and Learning Systems","1","10.1109/tnnls.2024.3367331","https://consensus.app/papers/taskwise-sampling-convolutions-for-arbitraryoriented-huang-li/bcbe95bd857453a48ecaee0c603fbf59/"
"Research on Vehicle Detection in Infrared Aerial Images in Complex Urban and Road Backgrounds","The RYOLOv5_D model improves vehicle detection accuracy in infrared aerial images, achieving 82.6% and 84.3% accuracies, with reduced computational complexity compared to other advanced models.","Chengrui Yu, Xiaonan Jiang, Fanlu Wu, Yao Fu, Yu Zhang, Xiangzhi Li, Tianjiao Fu, Junyan Pei",2024,12,"The detection of vehicle targets in infrared aerial remote sensing images captured by drones presents challenges due to a significant imbalance in vehicle distribution, complex backgrounds, the large scale of vehicles, and the dense and arbitrarily oriented distribution of targets. The RYOLOv5_D model is proposed based on the YOLOv5-obb rotation model. Firstly, we reconstruct a new vehicle remote sensing dataset, BalancedVehicle, to achieve data balance. Secondly, given the challenges of complex backgrounds in infrared remote sensing images, the AAHE method is proposed to highlight infrared remote sensing vehicle targets while reducing background interference during the detection process. Moreover, in order to address the issue of detecting challenges under complex backgrounds, the CPSAB attention mechanism is proposed, which could be used together with DCNv2. GSConv is also used to reduce the model parameters while ensuring accuracy. This combination could improve the model’s generalization ability and, consequently, enhance the detection accuracy for various vehicle categories. The RYOLOv5s_D model, trained on the self-built dataset BalancedVehicle, demonstrates a notable improvement in its mean average precision (mAP), increasing from 73.6% to 78.5%. Specifically, the average precision (AP) for large aspect ratio vehicles such as trucks and freight cars increases by 11.4% and 8%, respectively. The RYOLOv5m_D and RYOLOv5l_D models achieve accuracies of 82.6% and 84.3%. The Param of RYOLOv5_D is similar to that of the YOLOv5-obb, while possessing a decrease in computational complexity of 0.6, 4.5, and 12.8GFLOPS. In conclusion, the RYOLOv5_D model’s superior accuracy and real-time capabilities in infrared remote sensing vehicle scenarios are validated by comparing various advanced models based on rotation boxes on the BalancedVehicle dataset.","","Electronics","4","10.3390/electronics13020319","https://consensus.app/papers/research-on-vehicle-detection-in-infrared-aerial-images-in-yu-jiang/82fc45a8da965f7bb888a34cd66bc993/"
"Posterior Instance Injection Detector for Arbitrary-Oriented Object Detection From Optical Remote-Sensing Imagery","The posterior instance injection detector (PIIDet) improves arbitrary-oriented object detection from optical remote-sensing imagery by learning specific categories and parametric information of oriented boundary boxes.","Tong Zhang, Zhuang Yin, He Chen, Guanqun Wang, Lihui Ge, Liang Chen, Hao Dong, Lianlin Li",2023,26,"Arbitrary-oriented object detection (AOOD) from optical remote-sensing imagery has to correctly generate delicate oriented boundary box (OBB) and meanwhile identify their specific categories. However, how to make detectors learn the delicate parameters of OBBs, especially for the crucial orientation information, and identify object categories from complex backgrounds becomes a challenging task. Therefore, in this article, to explore a better way to guide the detector to learn specific categories and parametric information of OBBs, a novel one-stage anchor-free detector called posterior instance injection detector (PIIDet) is proposed for AOOD. First, as the anchor-free manner lacks prior information, an object-aware posterior guidance (OAPG) structure is proposed to generate specific-category instances used for conditioning on OBB prediction. This structure can assist the proposed PIIDet in better learning the relative parametric information of OBBs corresponding to their specific categories. Besides, to guarantee a high-quality injection of specific category instances, a new hierarchical feature fusion module (HFFM) is developed to establish a suitable multiscale feature mapping space. Second, considering the negative optimization of angle regression, which is caused by the boundary discontinuity of angular periods and sudden shifts of the relation between width and height in the training phase, a novel binary classification embedded angle regression space (BCE-RegSpace) is devised for providing continuous angle regression space and stable relation between the width and height. Finally, extensive experiments are executed on three AOOD benchmarks (e.g., DOTA, DIOR-R, and HRSC2016), and results proved that the proposed concise one-stage anchor-free PIIDet can reach the state-of-the-art (SOTA) performance and meanwhile have an impressive inference speed.","","IEEE Transactions on Geoscience and Remote Sensing","1","10.1109/tgrs.2023.3327123","https://consensus.app/papers/posterior-instance-injection-detector-for-zhang-yin/a9da665078c754d9a4c216573d1701ba/"
"High-Quality Angle Prediction for Oriented Object Detection in Remote Sensing Images","Our novel angle quality estimation (AQE) method improves oriented object detection in remote sensing images by addressing representation and optimization misalignments.","Guanchun Wang, Xiangrong Zhang, Peng Zhu, Xu Tang, Puhua Chen, Licheng Jiao, Huiyu Zhou",2023,18,"Oriented object detection is a challenging task in remote sensing, where the detected objects can be represented by oriented bounding boxes (OBBs). Angle prediction in oriented object detection has been widely studied, due to its crucial role in object detection. However, the precision of angle prediction is severely limited by misalignments in most of the existing methods, including representation-, evaluation-, and optimization-based misalignments. To alleviate these misalignments, this article presents a novel angle prediction method, called angle quality estimation (AQE). Specifically, our proposed AQE transforms the angle prediction task into a distribution estimation task to address the representation misalignment problem and implicitly measure the quality of the predicted angles. Based on the estimated AQ, we then propose a new metric to comprehensively evaluate the quality of OBBs. Then, we propose an object aspect ratio-based loss function to optimize angle prediction for addressing the optimization misalignment. Our proposed AQE is a plug-and-play method, which can be embedded on any existing oriented object detector. Experimental results on three public benchmarks, including dataset for object detection in aerial images (DOTA), high resolution ship collections 2016 (HRSC2016), and International Conference on Document Analysis and Recognition 2015 (ICDAR2015) datasets, show that our method achieves better performance than the other state of the arts.","","IEEE Transactions on Geoscience and Remote Sensing","1","10.1109/tgrs.2023.3292111","https://consensus.app/papers/highquality-angle-prediction-for-oriented-object-wang-zhang/354a4c1a9b18524ab4dab25b7db7ff54/"
"Single-Stage Rotation-Decoupled Detector for Oriented Object","The novel rotation detector improves object detection accuracy and efficiency by decoupling the rotating bounding box into a horizontal bounding box during matching.","Bo Zhong, Kai Ao",2020,34,"Oriented object detection has received extensive attention in recent years, especially for the task of detecting targets in aerial imagery. Traditional detectors locate objects by horizontal bounding boxes (HBBs), which may cause inaccuracies when detecting objects with arbitrary oriented angles, dense distribution and a large aspect ratio. Oriented bounding boxes (OBBs), which add different rotation angles to the horizontal bounding boxes, can better deal with the above problems. New problems arise with the introduction of oriented bounding boxes for rotation detectors, such as an increase in the number of anchors and the sensitivity of the intersection over union (IoU) to changes of angle. To overcome these shortcomings while taking advantage of the oriented bounding boxes, we propose a novel rotation detector which redesigns the matching strategy between oriented anchors and ground truth boxes. The main idea of the new strategy is to decouple the rotating bounding box into a horizontal bounding box during matching, thereby reducing the instability of the angle to the matching process. Extensive experiments on public remote sensing datasets including DOTA, HRSC2016 and UCAS-AOD demonstrate that the proposed approach achieves state-of-the-art detection accuracy with higher efficiency.","","Remote. Sens.","1","10.3390/rs12193262","https://consensus.app/papers/singlestage-rotationdecoupled-detector-for-oriented-zhong-ao/30cf4b1014315a13815ac81b6d4591af/"
"HDDet: A More Common Heading Direction Detector for Remote Sensing and Arbitrary Viewing Angle Images","HDDet improves object heading detection accuracy by combining CAM, MDAE, and CosWeight strategies, outperforming existing methods and surpassing existing standards.","Siran Ding, Jingxian Liu, Fan Yang, Mai Xu",2024,5,"Object heading detection (OHD) offers potential for research in the control and traffic analysis sectors. Contemporary methodologies in OHD grapple with a set of distinct limitations: a constrained range of detectable object types, a discernible drop in accuracy for oriented bounding box (OBB) predictions influenced by heading estimations, and the inherent limitations associated with the exclusive perspective of bird’s-eye view imagery. This article introduces heading direction detector (HDDet), an advanced method devised for detecting the OBB of objects with heading direction from various viewpoints. It sequentially delineates the circular annotation method (CAM), multidimensional angle encoding (MDAE), and the CosWeight strategy. CAM initially couples OBB data with heading details for accurate target delineation. MDAE follows, optimizing angle encoding to boost the model’s training process. The culmination of this approach is CosWeight, which integrates the Rotated-intersection over union (IoU) and heading information into the horizontal box’s loss, thereby enhancing the precision of heading predictions. Rigorous testing across diverse datasets, including the SJTU-L dataset where the heading accuracy increased from 64.41% to 94.82% over OHDet, validates HDDet’s enhanced capabilities, surpassing existing methodologies in both OBB detection and heading accuracy, and marking a significant advancement over the state-of-the-art OHDet. Additionally, this article presents an engineering vehicle dataset, which is conducive to multiperspective OHD research.","","IEEE Transactions on Geoscience and Remote Sensing","1","10.1109/tgrs.2024.3377643","https://consensus.app/papers/hddet-a-more-common-heading-direction-detector-for-remote-ding-liu/1e7439dfb53a50d2b02118dec371db89/"
"On Improving Bounding Box Representations for Oriented Object Detection","Our bounding box representation, inspired by the polar coordinate system, improves object detection accuracy and speed in remote sensing images.","Yanqing Yao, Gong Cheng, Guangxing Wang, Shengyang Li, Peicheng Zhou, Xingxing Xie, Junwei Han",2023,125,"Detecting objects in remote sensing images (RSIs) using oriented bounding boxes (OBBs) is flourishing but challenging, wherein the design of OBB representations is the key to achieving accurate detection. In this article, we focus on two issues that hinder the performance of the two-stage oriented detectors: 1) the notorious boundary discontinuity problem, which would result in significant loss increases in boundary conditions, and 2) the inconsistency in regression schemes between the two stages. We propose a simple and effective bounding box representation by drawing inspiration from the polar coordinate system and integrate it into two detection stages to circumvent the two issues. The first stage specifically initializes four quadrant points as the starting points of the regression for producing high-quality oriented candidates without any postprocessing. In the second stage, the final localization results are refined using the proposed novel bounding box representation, which can fully release the capabilities of the oriented detectors. Such consistency brings a good trade-off between accuracy and speed. With only flipping augmentation and single-scale training and testing, our approach with ResNet-50-FPN harvests 76.25% mAP on the DOTA dataset with a speed of up to 16.5 frames/s, achieving the best accuracy and the fastest speed among the mainstream two-stage oriented detectors. Additional results on the DIOR-R and HRSC2016 datasets also demonstrate the effectiveness and robustness of our method. The source code is publicly available at https://github.com/yanqingyao1994/QPDet.","","IEEE Transactions on Geoscience and Remote Sensing","1","10.1109/tgrs.2022.3231340","https://consensus.app/papers/on-improving-bounding-box-representations-for-oriented-yao-cheng/eb68e06f120f590b9484af4efb39452f/"
"WSODet: A Weakly Supervised Oriented Detector for Aerial Object Detection","WSODet effectively predicts precise oriented aerial objects in optical remote sensing images, achieving 22.2%, 46.5%, and 43.3% mAP on DIOR, NWPU, VHR-10.v2, and HRSC2016 datasets.","Z. Tan, Zhi-guo Jiang, Chen Guo",2023,43,"In contrast to natural objects, aerial targets are usually non-axis aligned with arbitrary orientations. However, mainstream weakly supervised object detection (WSOD) methods can only predict horizontal bounding boxes (HBBs) from existing proposals generated by offline algorithms. To predict oriented bounding boxes (OBBs) for aerial targets while testing images end-to-end without proposals, WSODet is designed leveraging on layerwise relevance propagation (LRP) and point set representation (RepPoints). To be specific, based on the mainstream WSOD framework, LRP on multiple instance learning branch (MIL-LRP) is conducted to decrease the uncertainty and ambiguity of feature map. Then, a pseudo oriented label generation algorithm is designed to obtain OBB pseudolabels, which serve as supervision to train an oriented RepPoint Net under the guidance of improved oriented loss function (IOLF). During the test, input images are sent to oriented RepPoint branch (ORB) to obtain OBB predictions without proposals. Extensive experiments on the detection in optical remote sensing images (DIOR), Northwestern Polytechnical University (NWPU) VHR-10.v2, and HRSC2016 datasets demonstrate the effectiveness of our method to predict precise oriented aerial objects, achieving 22.2%, 46.5%, and 43.3% mAP, respectively. Moreover, training jointly with ORB boosts the results of the original WSOD framework compared with the existing WSOD methods even if there is no specific design for the original structure.","","IEEE Transactions on Geoscience and Remote Sensing","1","10.1109/tgrs.2023.3247578","https://consensus.app/papers/wsodet-a-weakly-supervised-oriented-detector-for-aerial-tan-jiang/52d8a823257757e4a2ed8e004bc90d26/"
"Learning Center Probability Map for Detecting Objects in Aerial Images","Our proposed CenterMap OBB representation effectively eliminates ambiguities in target definitions and background pixels, improving object detection accuracy in aerial images.","Jinwang Wang, Wen Yang, Hengchao Li, Haijian Zhang, Guisong Xia",2020,226,"One fundamental problem in Earth Vision is to accurately find the locations and identify the categories of the interesting objects in the aerial images, for which oriented bounding boxes (OBBs) are usually employed to depict better the objects emerging with arbitrary orientations. However, the regression of the OBBs always suffers from the ambiguous problem in the definition of the regression targets, which often reduces the convergency efficiency and decreases the detection accuracy. Although there are some methods like the binary segmentation map that can handle this problem, it brings a new problem of ambiguous background pixels in the OBBs. In this article, we propose to cast the OBB regression as a center-probability-map (CenterMap)-prediction problem, thus largely eliminating the ambiguities on the target definitions and the background pixels. The predicted CenterMaps are then used to generate the OBBs. The CenterMap OBB representation is simple, yet effective. Furthermore, to distinguish better the interesting objects from the cluttered background, a weighted pseudosegmentation-guided attention network is adopted to provide the object-level features for predicting the horizontal bounding boxes and the OBBs. The experimental results on three widely used data sets, i.e., DOTA, HRSC2016, and UCAS-AOD, demonstrate the effectiveness of our proposed method.","","IEEE Transactions on Geoscience and Remote Sensing","1","10.1109/tgrs.2020.3010051","https://consensus.app/papers/learning-center-probability-map-for-detecting-objects-in-wang-yang/1db07089ce0254949147926c5741ec7a/"
"Building a Bridge of Bounding Box Regression Between Oriented and Horizontal Object Detection in Remote Sensing Images","The unified transferring strategy (UTS) facilitates the transfer of bounding box regression losses from horizontal object detection to oriented object detection, leading to better performance in remote sensing images.","Xiaoliang Qian, Baokun Wu, Gong Cheng, Xiwen Yao, Wei Wang, Junwei Han",2023,102,"Oriented object detection (OOD) aims to precisely detect the objects with arbitrary orientation in remote sensing images (RSIs). Up to now, most of the bounding box regression (BBR) losses for OOD are transferred from horizontal object detection (HOD) methods; however, the transferring requires lots of professional knowledge and experiences for designers, and consequently, many excellent BBR losses for HOD have not been transferred to OOD. To accelerate the research progress of BBR loss for OOD, a unified transferring strategy (UTS) is proposed to facilitate the transferring of BBR loss from HOD to OOD. The UTS proposes that the BBR of oriented bounding box (OBB) can be converted into the joint BBR of its horizontal smallest enclosing rectangle (HSER) and two offsets, so the BBR loss in HOD can be easily transferred to OOD using HSER as a bridge (BR). Following the UTS, a BBR loss named rotated-intersection of union (RIoU) loss is designed for OOD by transferring an advanced BBR loss in HOD, which can be considered as an example to show how to transfer. On the basis of RIoU loss, a focal RIoU (FRIoU) loss is proposed to assign larger weights to hard samples in the BBR. The comparisons with other BBR losses show that the RIoU and FRIoU losses can give better performance. The ablation study shows that giving more attention to hard samples in BBR is effective. The comparisons with many advanced methods demonstrate that the combinations of baseline methods and FRIoU loss achieve state-of-the-art (SOTA) performance on the DOTA and DIOR-R datasets.","","IEEE Transactions on Geoscience and Remote Sensing","1","10.1109/tgrs.2023.3256373","https://consensus.app/papers/building-a-bridge-of-bounding-box-regression-between-qian-wu/402d6b1e8057558aaae622969d41eba7/"
"LO-Det: Lightweight Oriented Object Detection in Remote Sensing Images","The LO-Det lightweight oriented object detector (LO-Det) efficiently detects oriented bounding boxes in remote sensing images, maintaining high accuracy while running fast on embedded devices.","Zhanchao Huang, Wei Li, X. Xia, Hao Wang, F. Jie, R. Tao",2021,67,"A few lightweight convolutional neural network (CNN) models have been recently designed for remote sensing object detection (RSOD). However, most of them simply replace vanilla convolutions with stacked separable convolutions (SConvs), which may not be efficient due to a lot of precision losses and may not be able to detect oriented bounding boxes (OBBs). Also, the existing OBB detection methods are difficult to constrain the shape of objects predicted by CNNs accurately. In this article, we propose an effective lightweight oriented object detector (LO-Det). Specifically, a channel separation-aggregation (CSA) structure is designed to simplify the complexity of SConvs, and a dynamic receptive field (DRF) mechanism is developed to maintain high accuracy by customizing the convolution kernel and its perception range dynamically when reducing the network complexity. The CSA-DRF component optimizes efficiency while maintaining high accuracy. Then, a diagonal support constraint head (DSC-Head) component is designed to detect OBBs and constrain their shapes more accurately and stably. Extensive experiments on public data sets demonstrate that the proposed LO-Det can run very fast even on embedded devices with the competitive accuracy of detecting oriented objects.","","IEEE Transactions on Geoscience and Remote Sensing","1","10.1109/tgrs.2021.3067470","https://consensus.app/papers/lodet-lightweight-oriented-object-detection-in-remote-huang-li/ad85a06059595ae49d63e4b614fd1b8d/"
"Gaussian Synthesis for High-Precision Location in Oriented Object Detection","Gaussian synthesis (GauS) algorithm improves high-precision performance in oriented object detection by transforming bounding boxes into Gaussian space and combining them with a decoding method.","Zhonghua Li, B. Hou, Zitong Wu, Bo Ren, Zhongle Ren, Licheng Jiao",2023,9,"In aerial image scenes, the objects have properties of arbitrary orientation, large-scale range, and dense distribution. Thus, the object detector uses an oriented bounding box (OBB) to locate objects, which is more complex and challenging than a horizontal bounding box (HBB) detector. Mainstream OBB detectors mostly use a one-to-many label assignment strategy to predict multiple bounding boxes for the same object and filter out repeat predictions by nonmaximum suppression (NMS). NMS ranks with confidence and drops the detection box with intersection over union (IoU) higher than the threshold, which makes it easy to get the local optimum result. The clustered synthesis method gets more accurate results than the original NMS, but applying it to the OBB detector leads to border shift, which arises from the angular discontinuity problem. Therefore, we use Gaussian OBB (G-OBB) to deal with the angular discontinuity and thus eliminate the offset generated by direct synthesis. G-OBB is not easy to understand and describe representation. For this reason, we analyze the properties of G-OBB and design a decoding method to convert a G-OBB to a rotated rectangular box, further discussing its conditions. Based on the decoding method, we propose a Gaussian synthesis (GauS) algorithm, which transforms the OBB into Gaussian space, followed by synthesis, and finally transforms the synthesis result back into a new OBB. We have derived the synthesis and decoding methods and further verified their effectiveness. The extensive experiments on several existing models show that GauS takes very little computation and improves the detector’s high-precision performance. Extensive experiments verify the effectiveness, stability, and universality of the proposed algorithm. In addition, the RTMDet using GauS achieves a performance of 81.61 AP50 and gains a 0.39% improvement in mean average precision (mAP), which achieves the state-of-the-art (SOTA) performance. Our implementation is available at https://github.com/lzh420202/GauS.","","IEEE Transactions on Geoscience and Remote Sensing","1","10.1109/tgrs.2023.3310619","https://consensus.app/papers/gaussian-synthesis-for-highprecision-location-in-li-hou/03761486df1e51138d84cee5447509bc/"
"Adaptive multi-level feature fusion and attention-based network for arbitrary-oriented object detection in remote sensing imagery","The proposed arbitrary-oriented object detection framework, consisting of three main parts, outperforms existing methods in multi-orientated object detection in remote sensing imagery.","Luchang Chen, Chunsheng Liu, F. Chang, Shuang Li, Zhaoying Nie",2021,42,"","","Neurocomputing","1","10.1016/j.neucom.2021.04.011","https://consensus.app/papers/adaptive-multilevel-feature-fusion-and-attentionbased-chen-liu/8e304b2b1aff5ebf8c8ed41266b8d770/"
"Dynamic Obstacle Perception Technology for UAVs Based on LiDAR","This LiDAR-based obstacle perception algorithm for small quadcopter drones effectively detects dynamic obstacles in environments with a detection frequency of 10 Hz.","Wei-xing Xia, Feifei Song, Zimeng Peng",2025,5,"With the widespread application of small quadcopter drones in the military and civilian fields, the security challenges they face are gradually becoming apparent. Especially in dynamic environments, the rapidly changing conditions make the flight of drones more complex. To address the computational limitations of small quadcopter drones and meet the demands of obstacle perception in dynamic environments, a LiDAR-based obstacle perception algorithm is proposed. First, accumulation, filtering, and clustering processes are carried out on the LiDAR point cloud data to complete the segmentation and extraction of point cloud obstacles. Then, an obstacle motion/static discrimination algorithm based on three-dimensional point motion attributes is developed to classify dynamic and static point clouds. Finally, oriented bounding box (OBB) detection is employed to simplify the representation of the spatial position and shape of dynamic point cloud obstacles, and motion estimation is achieved by tracking the OBB parameters using a Kalman filter. Simulation experiments demonstrate that this method can ensure a dynamic obstacle detection frequency of 10 Hz and successfully detect multiple dynamic obstacles in the environment.","","Drones","1","10.3390/drones9080540","https://consensus.app/papers/dynamic-obstacle-perception-technology-for-uavs-based-on-xia-song/716513e6062552f8936dadc05d6f00f5/"
"Optimization for Arbitrary-Oriented Object Detection via Representation Invariance Loss","Representation invariance loss (RIL) improves bounding box regression for rotating objects in remote sensing images, achieving consistent and substantial improvement in object detection accuracy.","Qi Ming, Lingjuan Miao, Zhiqiang Zhou, Xue Yang, Yunpeng Dong",2021,104,"Arbitrary-oriented objects exist widely in remote sensing images. The mainstream rotation detectors use oriented bounding boxes (OBBs) or quadrilateral bounding boxes (QBBs) to represent the rotating objects. However, these methods suffer from the representation ambiguity for oriented object definition, which leads to suboptimal regression optimization and the inconsistency between the loss metric and the localization accuracy of the predictions. In this letter, we propose a representation invariance loss (RIL) to optimize the bounding box regression for the rotating objects in the remote sensing images. RIL treats multiple representations of an oriented object as multiple equivalent local minima and hence transforms bounding box regression into an adaptive matching process with these local minima. Next, the Hungarian matching algorithm is adopted to obtain the optimal regression strategy. Besides, we propose a normalized rotation loss to alleviate the weak correlation between different variables and their unbalanced loss contribution in OBB representation. Extensive experiments on remote sensing datasets show that our method achieves consistent and substantial improvement. The code and models are available at https://github.com/ming71/RIDet to facilitate future research.","","IEEE Geoscience and Remote Sensing Letters","1","10.1109/lgrs.2021.3115110","https://consensus.app/papers/optimization-for-arbitraryoriented-object-detection-via-ming-miao/c48dbc6e295b55d499a9eb0912236df3/"
"OE-YOLO: An EfficientNet-Based YOLO Network for Rice Panicle Detection","OE-YOLO, an enhanced YOLO network, accurately detects rice panicles in complex field environments, offering a computationally efficient solution for real-time crop monitoring.","Hongqing Wu, Maoxue Guan, Jiannan Chen, Yue Pan, Jiayu Zheng, Zichen Jin, Hai Li, Suiyan Tan",2025,7,"Accurately detecting rice panicles in complex field environments remains challenging due to their small size, dense distribution, diverse growth directions, and easy confusion with the background. To accurately detect rice panicles, this study proposes OE-YOLO, an enhanced framework derived from YOLOv11, incorporating three synergistic innovations. First, oriented bounding boxes (OBB) replace horizontal bounding boxes (HBB) to precisely capture features of rice panicles across different heights and growth stages. Second, the backbone network is redesigned with EfficientNetV2, leveraging its compound scaling strategy to balance multi-scale feature extraction and computational efficiency. Third, a C3k2_DConv module improved by dynamic convolution is introduced, enabling input-adaptive kernel fusion to amplify discriminative features while suppressing background interference. Extensive experiments on rice Unmanned Aerial Vehicle (UAV) imagery demonstrate OE-YOLO's superiority, achieving 86.9% mAP50 and surpassing YOLOv8-obb and YOLOv11 by 2.8% and 8.3%, respectively, with only 2.45 M parameters and 4.8 GFLOPs. The model has also been validated at flight heights of 3 m and 10 m and during the heading and filling stages, achieving mAP50 improvements of 8.3%, 6.9%, 6.7%, and 16.6% compared to YOLOv11, respectively, demonstrating the generalization capability of the model. These advancements demonstrated OE-YOLO as a computationally frugal yet highly accurate solution for real-time crop monitoring, addressing critical needs in precision agriculture for robust, oriented detection under resource constraints.","","Plants","1","10.3390/plants14091370","https://consensus.app/papers/oeyolo-an-efficientnetbased-yolo-network-for-rice-panicle-wu-guan/b73907fc460f5dada3957a50b6acb1d9/"
"Vehicle Detection and Classification via YOLOv8 and Deep Belief Network over Aerial Image Sequences","The proposed model, using YOLOv8 and Deep Belief Network, achieves 95.6% accuracy in detecting and classifying vehicles in aerial image sequences compared to traditional methods.","Naif Al Mudawi, Asifa Mehmood Qureshi, Maha S. Abdelhaq, Abdullah Alshahrani, Abdulwahab Alazeb, Mohammed Alonazi, Asaad Algarni",2023,58,"Vehicle detection and classification are the most significant and challenging activities of an intelligent traffic monitoring system. Traditional methods are highly computationally expensive and also impose restrictions when the mode of data collection changes. This research proposes a new approach for vehicle detection and classification over aerial image sequences. The proposed model consists of five stages. All of the images are preprocessed in the first stage to reduce noise and raise the brightness level. The foreground items are then extracted from these images using segmentation. The segmented images are then passed onto the YOLOv8 algorithm to detect and locate vehicles in each image. The feature extraction phase is then applied to the detected vehicles. The extracted feature involves Scale Invariant Feature Transform (SIFT), Oriented FAST and Rotated BRIEF (ORB), and KAZE features. For classification, we used the Deep Belief Network (DBN) classifier. Based on classification, the experimental results across the three datasets produced better outcomes; the proposed model attained an accuracy of 95.6% over Vehicle Detection in Aerial Imagery (VEDAI) and 94.6% over Vehicle Aerial Imagery from a Drone (VAID) dataset, respectively. To compare our model with the other standard techniques, we have also drawn a comparative analysis with the latest techniques in the research.","","Sustainability","1","10.3390/su151914597","https://consensus.app/papers/vehicle-detection-and-classification-via-yolov8-and-deep-mudawi-qureshi/7cb737d430ff5b959c5626e060bea6f3/"
"Gaussian Focal Loss: Learning Distribution Polarized Angle Prediction for Rotated Object Detection in Aerial Images","Our novel loss function with adaptive Gaussian attenuation on negative locations improves object detection in aerial images by predicting precise angular information and avoiding discontinuous angle boundaries.","Jian Wang, Fan Li, Haixia Bi",2022,54,"With the increasing availability of aerial data, object detection in aerial images has aroused more and more attention in remote sensing community. The difficulty lies in accurately predicting the angular information for each target when using the oriented bounding boxes (OBBs) to represent the arbitrary-oriented objects, as the periodicity of the angle could cause inconsistency between target angle values. To resolve the problem, recent works propose to perform angular prediction from a regression problem to a classification task with a circular smooth label (CSL). However, we find that current loss functions applying to binary soft labels need to approximate the soft label values at each position. When summed over all the negative angle categories, these relatively insignificant loss values can overwhelm the target angle category, thus preventing the network from predicting precise angle information. In this article, we propose a novel loss function that acts as a more effective alternative to the classification-based rotated detectors. By constructing the classification loss with adaptive Gaussian attenuation on the negative locations, our training objective can not only avoid discontinuous angle boundaries but also enable the network to obtain more accurate angle predictions with higher responses at peaks. Moreover, an aspect ratio-aware factor was proposed based on our loss function to enhance the robustness of the model for determining the orientation for square-like objects. Extensive experiments on aerial image datasets DOTA, HRSC2016, and UCAS-AOD demonstrated the effectiveness and superior performances of our approaches.","","IEEE Transactions on Geoscience and Remote Sensing","1","10.1109/tgrs.2022.3175520","https://consensus.app/papers/gaussian-focal-loss-learning-distribution-polarized-wang-li/44dfb2daefc45d51baf5d59bf536bc92/"
"AProNet: Detecting objects with precise orientation from aerial images","AProNet effectively detects oriented objects in aerial images, overcoming the angular periodicity issue and achieving competitive performance on DOTA and HRSC2016 datasets.","Xianwei Zheng, Wanling Zhang, Linxi Huan, J. Gong, Hongyan Zhang",2021,17,"","","ISPRS Journal of Photogrammetry and Remote Sensing","1","10.1016/j.isprsjprs.2021.08.023","https://consensus.app/papers/apronet-detecting-objects-with-precise-orientation-from-zheng-zhang/54541f3540c859ddb4e85738bc3bc7d9/"
"Oriented Object Detection via Contextual Dependence Mining and Penalty-Incentive Allocation","The dual-focused detector (DFDet) improves oriented object detection in aerial images by exploring contextual knowledge and mitigating angle sensitivity.","Xingxing Xie, Gong Cheng, Chaofan Rao, Chunbo Lang, Junwei Han",2024,86,"Oriented object detection in aerial images has made significant advancements propelled by well-developed detection frameworks and diverse representation approaches to oriented bounding boxes. However, within modern oriented object detectors, the insufficient consideration given to certain factors, like contextual priors in aerial images and the sensitivity of the angle regression, hinder further improvement of detection performance. In this article, we propose a dual-focused detector (DFDet), which simultaneously focuses on the exploration of contextual knowledge and the mitigation of angle sensitivity. Specifically, DFDet contains two novel designs: a contextual dependence mining network (CDMN) and a penalty-incentive allocation strategy (PIAS). CDMN constructs multiple features containing contexts across various ranges with low computational burden and aggregates them into a compact yet informative representation that empowers the model for robust inference. PIAS dynamically calibrates the angle regression loss with a scalable penalty term determined by the angle regression sensitivity, incentivizing model to boost regression capacity for large aspect ratio objects challenging to be localized accurately. Extensive experiments on four widely-used benchmarks demonstrate the effectiveness of our approach, and new state-of-the-arts for one-stage object detection in aerial images are established. Without bells and whistles, DFDet with ResNet50 achieves 74.71% mean of average precision (mAP) running at 23.4 frames per second (FPS) on the most widely-used DOTA-v1.0 dataset. The source code is available at https://github.com/DDGRCF/DFDet.","","IEEE Transactions on Geoscience and Remote Sensing","1","10.1109/tgrs.2024.3385985","https://consensus.app/papers/oriented-object-detection-via-contextual-dependence-xie-cheng/6eb81714e2405af085c37563a5993927/"
"G-Rep: Gaussian Representation for Arbitrary-Oriented Object Detection","G-Rep provides a unified solution for arbitrary-oriented object detection, addressing problems in various representations and achieving excellent performance on various datasets.","Liping Hou, Ke Lu, Xue Yang, Yuqiu Li, Jian Xue",2022,97,"Typical representations for arbitrary-oriented object detection tasks include the oriented bounding box (OBB), the quadrilateral bounding box (QBB), and the point set (PointSet). Each representation encounters problems that correspond to its characteristics, such as boundary discontinuity, square-like problems, representation ambiguity, and isolated points, which lead to inaccurate detection. Although many effective strategies have been proposed for various representations, there is still no unified solution. Current detection methods based on Gaussian modeling have demonstrated the possibility of resolving this dilemma; however, they remain limited to OBB. To go further, in this paper, we propose a unified Gaussian representation called G-Rep to construct Gaussian distributions for OBB, QBB, and PointSet, which achieves a unified solution to various representations and problems. Specifically, PointSet- or QBB-based object representations are converted into Gaussian distributions and their parameters are optimized using the maximum likelihood estimation algorithm. Then, three optional Gaussian metrics are explored to optimize the regression loss of the detector because of their excellent parameter optimization mechanisms. Furthermore, we also use Gaussian metrics for sampling to align label assignment and regression loss. Experimental results obtained on several publicly available datasets, such as DOTA, HRSC2016, UCAS-AOD, and ICDAR2015, show the excellent performance of the proposed method for arbitrary-oriented object detection.","","ArXiv","1","10.3390/rs15030757","https://consensus.app/papers/grep-gaussian-representation-for-arbitraryoriented-hou-lu/605a6c88e2f35f559b51ebbe3a387a06/"
"RAIH-Det: An End-to-End Rotated Aircraft and Aircraft Head Detector Based on ConvNeXt and Cyclical Focal Loss in Optical Remote Sensing Images","The RAIH-Det, based on ConvNeXt-T and cyclical local loss, effectively detects aircraft and their heads in optical remote sensing images, improving aircraft trajectory judgment.","Fei Song, Ruofei Ma, Tao Lei, Zhenming Peng",2023,13,"In airport ground-traffic surveillance systems, the detection of an aircraft and its head (AIH) is an important task in aircraft trajectory judgment. However, accurately detecting an AIH in high-resolution optical remote sensing images is a challenging task due to the difficulty in effectively modeling the features of aircraft objects, such as changes in appearance, large-scale differences, complex compositions, and cluttered background. In this paper, we propose an end-to-end rotated aircraft and aircraft head detector (RAIH-Det) based on ConvNeXt-T (Tiny) and cyclical local loss. Firstly, a new U-shaped network based on ConvNeXt-T with the same performance as the Local Vision Transformer (e.g., Swin Transformer) is presented to assess the relationships among aircraft in the spatial domain. Then, in order to enhance the sharing of more mutual information, the extended BBAVectors with six vectors captures the oriented bounding box (OBB) of the aircraft in any direction, which can assist in head keypoint detection by exploiting the relationship between the local and overall structural information of aircraft. Simultaneously, variant cyclical focal loss is adopted to regress the heatmap location of keypoints on the aircraft head to focus on more reliable samples. Furthermore, to perform a study on AIH detection and simplify aircraft head detection, the OBBs of the “plane” category in the DOTA-v1.5 dataset and the corresponding head keypoints annotated by our volunteers were integrated into a new dataset called DOTA-Plane. Compared with other state-of-the-art rotated object and keypoint detectors, RAIH-Det, as evaluated on DOTA-Plane, offered superior performance.","","Remote. Sens.","1","10.3390/rs15092364","https://consensus.app/papers/raihdet-an-endtoend-rotated-aircraft-and-aircraft-head-song-ma/2b9c2a46294f548580ec6e1bb73619b1/"
"Sparse Label Assignment for Oriented Object Detection in Aerial Images","Sparse label assignment strategy improves object detection in aerial images by selecting high-quality sparse anchors based on the posterior intersection-over-unit, resulting in balanced training and better performance.","Qi Ming, Lingjuan Miao, Zhiqiang Zhou, Junjie Song, Xue Yang",2021,81,"Object detection in aerial images has received extensive attention in recent years. The current mainstream anchor-based methods directly divide the training samples into positives and negatives according to the intersection-over-unit (IoU) of the preset anchors. This label assignment strategy assigns densely arranged samples for training, which leads to a suboptimal learning process and cause the model to suffer serious duplicate detections and missed detections. In this paper, we propose a sparse label assignment strategy (SLA) to select high-quality sparse anchors based on the posterior IoU of detections. In this way, the inconsistency between classification and regression is alleviated, and better performance can be achieved through balanced training. Next, to accurately detect small and densely arranged objects, we use a position-sensitive feature pyramid network (PS-FPN) with a coordinate attention module to extract position-sensitive features for accurate localization. Finally, the distance rotated IoU loss is proposed to eliminate the inconsistency between the training loss and the evaluation metric for better bounding box regression. Extensive experiments on the DOTA, HRSC2016, and UCAS-AOD datasets demonstrate the superiority of the proposed approach.","","Remote. Sens.","1","10.3390/rs13142664","https://consensus.app/papers/sparse-label-assignment-for-oriented-object-detection-in-ming-miao/bf394f1162325e67adf8674292e5b967/"
"PMHO: Point-Supervised Oriented Object Detection Based on Segmentation-Driven Proposal Generation","Our PMHO method achieves weakly supervised oriented object detection using single-point object annotations, achieving state-of-the-art performance on public DIOR and DIOR-R datasets.","Shun Zhang, Jihui Long, Yaohui Xu, Shaohui Mei",2024,15,"Oriented object detection has gained increasing attention due to its ability to detect objects with arbitrary orientations in the field of remote sensing (RS) images. However, the laborious task of annotating oriented bounding boxes (OBBs) presents significant challenges for training a fully supervised arbitrary-oriented object detector. Some existing approaches apply annotated horizontal bounding boxes (HBBs) as weakly supervised signals, in which even HBB annotations require significant human efforts. In this article, we propose a point-to-mask-to-HBB-to-OBB (PMHO) method that achieves weakly supervised oriented object detection by requiring only single-point object annotations. Specifically, we first take the input images and the given annotated points as prompts to obtain the initial segmentation masks, and then present a neighboring mask combination scheme to address the over-segmentation issue and a point-centric mask selection strategy to filtrate the related masks. Based on positive and negative proposal bags transferred from the mask regions, the pseudo-HBB generation network which consists of a classification branch for classification and an instance branch for the localization of individual proposals, aims to generate pseudo HBBs for each object. For further refinement of pseudo HBBs, we present a pseudo-HBB filtering strategy with K-means clustering on features extracted by a CNN model pretrained on a large-scale offline RS dataset. To train the oriented object detector, an inscribed ellipse constraint is proposed to measure the regression loss between predicted OBBs and the given pseudo HBBs. Extensive experiments including OBB detection, pseudo-HBB generation, and ablation studies are conducted on public DIOR and DIOR-R datasets, which demonstrates that our method achieves state-of-the-art performance.","","IEEE Transactions on Geoscience and Remote Sensing","1","10.1109/tgrs.2024.3450732","https://consensus.app/papers/pmho-pointsupervised-oriented-object-detection-based-on-zhang-long/6ca70e78542552a9a603bc60afea8a29/"
"Break Through the Border Restriction of Horizontal Bounding Box for Arbitrary-Oriented Ship Detection in SAR Images","Our novel encode representation for oriented bounding box in SAR images improves ship detection accuracy by breaking through the horizontal bounding box boundary.","Pengfei Guo, T. Çelik, Nanqing Liu, Hengchao Li",2023,20,"Substantial progress has been made in detecting ships of arbitrary orientation in synthetic aperture radar (SAR) images. However, the mainstream method is still limited by the horizontal bounding box (HBB) boundary, which cannot provide scaling information for the length and width of the oriented bounding box (OBB) in an intuitive way. In this study, we propose a novel encode representation to describe the OBB by breaking through the border restriction of the HBB. Specifically, we derive an inclination factor from two left-top point offsets (LTPO), which enables us to directly infer the coordinates of the four OBB vertices and obtain an oriented rectangular proposal. To obtain high-quality oriented semantic features, we utilize a feature adaptive module (FAM) to learn the shape and orientation implied by arbitrary-oriented ships through spatial transformation. Our comparative experiments demonstrate that our proposed method achieves superior performance and detection accuracy on two commonly-used benchmark datasets for oriented SAR ship detection dataset named SSDD and high-resolution SAR images dataset (HRSID).","","IEEE Geoscience and Remote Sensing Letters","1","10.1109/lgrs.2023.3270897","https://consensus.app/papers/break-through-the-border-restriction-of-horizontal-guo-elik/fa3a79a511085ab8b190b86329b9e4dd/"
"A Modified YOLOv8 Detection Network for UAV Aerial Image Recognition","The proposed aerial image detection model improves UAV multitarget detection performance and robustness by incorporating Bi-PAN-FPN, GhostblockV2, WiseIoU loss, and dynamic nonmonotonic focusing mechanism.","Yiting Li, Qingsong Fan, Haisong Huang, Zhenggong Han, Qian Gu",2023,349,"UAV multitarget detection plays a pivotal role in civil and military fields. Although deep learning methods provide a more effective solution to this task, changes in target size, shape change, occlusion, and lighting conditions from the perspective of drones still bring great challenges to research in this field. Based on the above problems, this paper proposes an aerial image detection model with excellent performance and strong robustness. First, in view of the common problem that small targets in aerial images are prone to misdetection and missed detection, the idea of Bi-PAN-FPN is introduced to improve the neck part in YOLOv8-s. By fully considering and reusing multiscale features, a more advanced and complete feature fusion process is achieved while maintaining the parameter cost as much as possible. Second, the GhostblockV2 structure is used in the backbone of the benchmark model to replace part of the C2f module, which suppresses information loss during long-distance feature transmission while significantly reducing the number of model parameters; finally, WiseIoU loss is used as bounding box regression loss, combined with a dynamic nonmonotonic focusing mechanism, and the quality of anchor boxes is evaluated by using “outlier” so that the detector takes into account different quality anchor boxes to improve the overall performance of the detection task. The algorithm’s performance is compared and evaluated on the VisDrone2019 dataset, which is widely used worldwide, and a detailed ablation experiment, contrast experiment, interpretability experiment, and self-built dataset experiment are designed to verify the effectiveness and feasibility of the proposed model. The results show that the proposed aerial image detection model has achieved obvious results and advantages in various experiments, which provides a new idea for the deployment of deep learning in the field of UAV multitarget detection.","","Drones","1","10.3390/drones7050304","https://consensus.app/papers/a-modified-yolov8-detection-network-for-uav-aerial-image-li-fan/b43b861ce90e5838ae4d3d4cc7f5d21f/"

